jenis,level,oa_image,oa_fusion,selisih
rotate,0.0,0.8315,0.8218,-0.0097
rotate,2.0,0.8311,0.8069,-0.0242
rotate,5.0,0.8184,0.8069,-0.0116
rotate,10.0,0.7498,0.7543,0.0045
rotate,20.0,0.5761,0.5384,-0.0377
rotate,45.0,0.3031,0.1223,-0.1808
blur,0.0,0.8315,0.8218,-0.0097
blur,1.0,0.8292,0.8225,-0.0067
blur,2.0,0.8262,0.8098,-0.0164
blur,4.0,0.7595,0.7301,-0.0295
blur,8.0,0.6115,0.5026,-0.1089
jpeg,100.0,0.8315,0.8218,-0.0097
jpeg,50.0,0.8318,0.8195,-0.0123
jpeg,20.0,0.8289,0.8218,-0.0071
jpeg,10.0,0.83,0.8221,-0.0078
jpeg,5.0,0.8248,0.827,0.0022
noise,0.0,0.8315,0.8218,-0.0097
noise,0.02,0.8113,0.811,-0.0004
noise,0.05,0.7491,0.7315,-0.0175
noise,0.1,0.5004,0.4288,-0.0716
noise,0.2,0.2782,0.1156,-0.1626
