epoch,train_loss,val_loss,val_oa,val_macro_f1,detik
1,1.35602,0.64134,0.775,0.70207,79.88
2,0.28497,0.64684,0.8,0.8115,79.53
3,0.15445,0.7858,0.775,0.7517,79.94
4,0.12531,0.69503,0.8125,0.80881,82.3
5,0.09631,0.70295,0.8,0.80175,79.95
6,0.09859,1.02803,0.7375,0.74583,79.84
7,0.0786,0.93294,0.7875,0.77918,80.19
8,0.07534,1.01364,0.75,0.76246,80.77
9,0.0631,1.39225,0.7,0.65543,75.59
10,0.05148,0.98247,0.7875,0.78723,66.05
11,0.04807,0.85263,0.8,0.80558,63.39
12,0.04564,0.89756,0.8,0.80183,63.77
13,0.04323,0.94263,0.775,0.77785,63.17
14,0.04048,0.91322,0.825,0.82707,64.06
15,0.02459,1.01757,0.775,0.77481,64.34
16,0.0389,0.71688,0.825,0.83572,64.29
17,0.04258,1.2782,0.775,0.78412,64.3
18,0.03225,0.98239,0.8,0.79374,63.22
19,0.064,1.12824,0.7625,0.74647,62.81
20,0.02771,1.16741,0.775,0.78016,63.32
21,0.02323,1.10764,0.8125,0.79833,64.43
22,0.01984,1.04511,0.8125,0.82593,64.98
23,0.01741,1.00685,0.8125,0.79647,63.65
24,0.01854,1.18905,0.8,0.79513,62.74
25,0.01979,1.21274,0.7625,0.74878,63.0
26,0.02348,1.10654,0.8,0.79655,63.21
27,0.01155,1.09033,0.8375,0.83499,63.61
28,0.01425,1.31842,0.7625,0.74397,63.59
29,0.01059,1.03404,0.8,0.81181,63.3
30,0.01051,1.08792,0.825,0.84149,63.35
31,0.00766,1.02691,0.8125,0.8199,63.74
32,0.01086,1.10388,0.8375,0.83985,63.33
33,0.00932,1.06488,0.8375,0.84076,63.29
34,0.00693,1.21392,0.8125,0.82197,63.33
35,0.01261,1.04396,0.8125,0.81692,63.26
36,0.00902,1.00185,0.8125,0.82619,66.46
37,0.00911,1.06663,0.8,0.80563,66.21
38,0.02028,1.29504,0.8,0.79005,65.66
39,0.02501,1.08138,0.8,0.81388,66.2
40,0.02024,1.07675,0.7875,0.78011,65.78
41,0.00971,1.06417,0.8,0.81026,65.7
42,0.00872,1.04092,0.8,0.79987,64.76
43,0.00752,1.11595,0.8,0.79165,64.23
44,0.01002,1.24317,0.8,0.80615,64.73
45,0.00725,1.06886,0.8375,0.82815,64.32
46,0.00851,1.18195,0.825,0.82749,66.22
47,0.00895,1.29695,0.8,0.76615,67.08
48,0.04574,1.08361,0.7875,0.74493,65.9
49,0.06811,1.44512,0.7125,0.71271,66.1
50,0.06663,1.17293,0.7625,0.76446,65.91
51,0.08787,0.87884,0.775,0.80693,66.08
52,0.07555,1.05896,0.7875,0.7809,65.5
53,0.06506,1.33168,0.7625,0.73747,66.29
54,0.04094,1.08253,0.7625,0.73828,65.96
55,0.03711,0.90992,0.775,0.76243,65.91
56,0.04795,1.77356,0.75,0.74412,65.56
57,0.02072,1.31882,0.7625,0.78091,68.41
58,0.03615,1.68536,0.775,0.78556,70.23
59,0.02567,1.20224,0.75,0.73643,68.35
60,0.02928,1.14552,0.75,0.72891,69.49
61,0.0226,1.09631,0.8,0.78653,68.86
62,0.0262,0.96443,0.775,0.7514,69.0
63,0.03298,1.16674,0.7625,0.73075,68.43
64,0.03749,1.20933,0.7875,0.76052,69.8
65,0.01983,1.11258,0.8125,0.8278,70.0
66,0.02635,1.31325,0.775,0.74943,67.94
67,0.01286,1.06386,0.8,0.81662,68.29
68,0.01176,1.20622,0.8,0.80824,68.92
69,0.01436,0.97494,0.825,0.82372,68.83
70,0.01343,1.2383,0.7875,0.80061,69.88
71,0.00866,1.01173,0.8125,0.83801,69.11
72,0.008,1.00582,0.8375,0.8316,69.4
73,0.0073,1.25204,0.7625,0.76032,70.84
74,0.01231,1.07038,0.85,0.84556,71.45
75,0.00475,1.14168,0.825,0.80822,68.23
76,0.00897,1.15545,0.8125,0.79761,68.1
77,0.00635,1.09968,0.7875,0.78334,67.9
78,0.00637,1.21081,0.8375,0.83106,67.76
79,0.00529,1.26352,0.8125,0.80857,66.5
80,0.01244,1.28151,0.775,0.78161,66.45
81,0.00995,1.3908,0.8,0.80776,68.41
82,0.01114,1.24741,0.7875,0.77726,69.74
83,0.00974,1.17749,0.8,0.81142,68.62
84,0.01008,1.1812,0.825,0.83453,68.02
85,0.01998,1.77393,0.7375,0.77293,67.75
86,0.04251,1.10068,0.8125,0.78635,67.94
87,0.01211,1.11541,0.8125,0.80056,68.64
88,0.02098,1.1815,0.7875,0.77815,70.38
89,0.00959,1.1446,0.8125,0.8152,68.97
90,0.01073,1.17826,0.825,0.80825,68.95
91,0.01577,1.21984,0.825,0.81597,69.87
92,0.00692,1.0568,0.85,0.8423,69.14
93,0.0178,1.50794,0.7625,0.75545,69.28
94,0.01434,1.14437,0.8625,0.84942,68.84
95,0.0118,1.51881,0.7875,0.76074,73.85
96,0.03154,0.85119,0.8625,0.86781,85.72
97,0.01029,1.38424,0.8,0.77061,85.53
98,0.01478,1.12267,0.8375,0.8171,85.18
99,0.01302,0.98072,0.8125,0.79741,85.17
100,0.03182,1.04459,0.825,0.82215,84.86
101,0.00774,1.15177,0.8,0.77564,84.96
102,0.01478,1.13189,0.8125,0.81295,86.59
103,0.00712,1.23124,0.8125,0.80112,86.35
104,0.00398,1.24089,0.8125,0.80735,87.64
105,0.00399,1.09943,0.825,0.81644,87.06
106,0.0146,1.07317,0.8,0.79939,88.22
107,0.0121,0.88938,0.8375,0.82702,86.07
108,0.01015,1.07114,0.8,0.79925,85.31
109,0.00583,0.82432,0.875,0.86977,85.3
110,0.00136,0.86736,0.875,0.8802,85.58
111,0.0047,0.85425,0.875,0.8802,85.75
112,0.0033,1.10236,0.85,0.86938,84.83
113,0.01173,0.99773,0.8375,0.82961,84.55
114,0.00215,1.08709,0.8125,0.78764,86.07
115,0.00524,1.24837,0.775,0.76697,85.83
116,0.00668,1.15591,0.8,0.81495,84.21
117,0.00148,1.1586,0.8125,0.80798,84.53
118,0.00336,1.08972,0.8125,0.82333,84.05
119,0.00324,1.05901,0.825,0.80816,83.89
120,0.00259,1.02554,0.85,0.85636,85.2
121,0.00208,0.97092,0.85,0.85636,85.0
122,0.00709,1.35444,0.775,0.76957,84.99
123,0.00586,1.09449,0.85,0.85213,84.97
124,0.00809,1.43852,0.7375,0.70194,84.76
125,0.00644,1.31622,0.8,0.80614,84.88
126,0.00541,1.16021,0.8125,0.83338,84.74
127,0.00405,1.09478,0.8125,0.82378,85.43
128,0.00336,0.945,0.8375,0.85507,85.12
129,0.00184,0.99583,0.8375,0.84203,85.68
130,0.01034,0.86872,0.8125,0.81054,85.59
131,0.00246,0.91114,0.825,0.81653,84.46
132,0.003,0.95301,0.8375,0.84032,77.77
133,0.0031,1.01385,0.8375,0.83919,71.1
134,0.00503,0.94588,0.85,0.84696,65.25
135,0.00816,0.95117,0.8125,0.80678,63.77
136,0.00598,0.66941,0.825,0.81059,64.61
137,0.00308,0.97441,0.8375,0.83108,65.12
138,0.00279,1.01179,0.8375,0.84512,64.53
139,0.01521,1.22061,0.8375,0.83264,64.9
140,0.00781,2.07901,0.675,0.67912,64.87
141,0.04094,1.10592,0.8,0.78894,64.91
142,0.06443,1.47251,0.6875,0.71078,65.07
143,0.05997,1.61409,0.725,0.7124,64.83
144,0.03323,1.19133,0.7875,0.79914,65.8
145,0.03325,0.9247,0.8125,0.81477,65.61
146,0.02851,1.32968,0.8,0.76084,65.8
147,0.06021,1.38227,0.7125,0.74503,65.63
148,0.04351,1.38023,0.7875,0.79642,65.49
149,0.03156,1.389,0.75,0.73168,65.24
150,0.01392,1.34425,0.775,0.77815,64.72
151,0.03247,1.35214,0.7625,0.74134,64.81
152,0.01619,1.13083,0.7875,0.76972,64.83
153,0.01486,1.16269,0.8125,0.79427,64.49
154,0.01156,1.19162,0.7875,0.7728,65.2
155,0.00758,1.28894,0.8125,0.78681,65.75
156,0.01082,1.4675,0.775,0.76829,65.88
157,0.02116,1.49745,0.7375,0.74055,68.05
158,0.03113,1.24609,0.7875,0.79355,74.46
159,0.01131,1.14526,0.825,0.81652,75.6
160,0.02985,1.31084,0.8125,0.7916,75.28
161,0.00775,1.17142,0.8125,0.82846,82.11
162,0.00333,1.12164,0.7875,0.80793,88.66
163,0.00485,1.14962,0.8125,0.81691,83.42
164,0.00331,1.2495,0.8125,0.81691,74.78
165,0.00419,1.31435,0.8125,0.8143,75.32
166,0.00444,1.22992,0.8125,0.8143,74.72
167,0.0046,1.52601,0.8,0.79597,75.29
168,0.0075,1.49395,0.775,0.77104,74.66
169,0.00416,1.30783,0.8,0.80477,75.08
170,0.00187,1.21861,0.825,0.83605,74.71
171,0.00139,1.2169,0.8125,0.81504,76.09
172,0.01277,1.35327,0.7875,0.76866,75.32
173,0.01018,1.44903,0.8,0.78121,75.58
174,0.00394,1.35995,0.825,0.81066,74.19
175,0.00764,1.12745,0.8125,0.79913,73.81
176,0.00533,0.95139,0.8625,0.85735,75.42
177,0.03105,1.6176,0.75,0.71051,78.12
178,0.03403,1.17605,0.8,0.76821,75.55
179,0.00718,1.12931,0.825,0.8042,76.37
180,0.01091,1.68828,0.7375,0.72547,74.69
181,0.01267,1.49894,0.7625,0.73336,74.59
182,0.00623,1.2398,0.8375,0.8214,75.58
183,0.00625,1.25377,0.7625,0.75808,79.19
184,0.00401,1.12806,0.7875,0.77959,76.63
185,0.00266,1.14047,0.8125,0.78848,76.22
186,0.00433,1.09642,0.825,0.81231,81.04
187,0.00658,1.70079,0.725,0.71318,81.1
188,0.01287,1.37572,0.7875,0.74829,81.32
189,0.00418,1.22293,0.825,0.82187,75.8
190,0.00397,1.16102,0.825,0.81174,75.76
191,0.00795,1.08638,0.825,0.80408,78.29
192,0.00153,1.0225,0.825,0.79937,75.76
193,0.00198,1.13204,0.85,0.83901,75.88
194,0.00461,0.98271,0.85,0.84495,75.71
195,0.01718,0.97729,0.8125,0.81125,76.15
196,0.00907,1.25516,0.7875,0.79978,76.83
197,0.00251,1.04872,0.825,0.81123,76.48
198,0.00249,1.20829,0.8,0.79435,76.69
199,0.0125,1.18565,0.7875,0.78624,76.65
200,0.01588,1.42047,0.7875,0.78879,76.46
